time,Lon,Lat,altitude,speed
2011-09-20 07:23:05,108.95616,34.22,445.0,0.0
2011-09-20 07:24:35,108.95616,34.21716,416.0,0.0
2011-09-20 07:25:15,108.95623,34.21585,424.0,3.55
2011-09-20 07:25:45,108.9562,34.21472,431.0,3.8763
2011-09-20 07:26:05,108.95622,34.21405,435.0,4.0031
2011-09-20 07:26:15,108.95629,34.21365,436.0,3.9755
2011-09-20 07:26:25,108.95621,34.21333,433.0,4.0033
2011-09-20 07:26:35,108.95577,34.21341,439.0,2.7379
2011-09-20 07:26:45,108.95544,34.21334,446.0,3.5406
2011-09-20 07:26:55,108.95501,34.21278,453.0,4.9475
2011-09-20 07:27:15,108.9533,34.21336,472.0,6.5597
2011-09-20 07:27:35,108.9521,34.21359,485.0,7.0584
2011-09-20 07:27:45,108.95167,34.21342,465.0,5.001
2011-09-20 07:28:15,108.94986,34.21353,458.0,5.152
2011-09-20 07:28:25,108.94918,34.21349,457.0,5.7273
2011-09-20 07:28:35,108.9487,34.21336,441.0,5.4163
2011-09-20 07:28:45,108.94819,34.21347,437.0,4.553
2011-09-20 07:29:05,108.94702,34.21339,422.0,5.1505
2011-09-20 07:29:55,108.94399,34.2135,404.0,5.5174
2011-09-20 07:30:25,108.94252,34.21338,398.0,5.1724
2011-09-20 07:30:35,108.9422,34.2133,399.0,4.1523
2011-09-20 07:30:45,108.94196,34.21309,399.0,3.0379
2011-09-20 07:31:05,108.94199,34.21258,405.0,2.7452
2011-09-20 07:31:25,108.94184,34.21181,406.0,3.5689
2011-09-20 07:31:55,108.94179,34.21049,410.0,4.6625
2011-09-20 07:32:25,108.94181,34.20917,413.0,4.8928
2011-09-20 07:32:35,108.94191,34.20882,415.0,4.6506
2011-09-20 07:32:45,108.94183,34.20845,411.0,4.0041
2011-09-20 07:33:05,108.94207,34.20775,409.0,3.9962
2011-09-20 07:33:15,108.9421,34.20736,406.0,4.124
2011-09-20 07:33:25,108.94188,34.20698,407.0,4.3692
2011-09-20 07:33:35,108.94178,34.20655,415.0,4.7377
2011-09-20 07:34:05,108.94181,34.20541,409.0,4.3674
2011-09-20 07:35:15,108.94173,34.20304,414.0,3.9032
2011-09-20 07:35:35,108.9418,34.20225,413.0,3.9042
2011-09-20 07:36:45,108.94106,34.19992,421.0,3.9151
2011-09-20 07:36:55,108.94074,34.19983,418.0,3.5776
2011-09-20 07:37:15,108.93982,34.1999,409.0,3.802
2011-09-20 07:37:45,108.93798,34.19989,412.0,5.0783
2011-09-20 07:37:55,108.9374,34.19995,411.0,5.5658
2011-09-20 07:38:05,108.93695,34.2001,407.0,4.8781
2011-09-20 07:38:25,108.9358,34.2,403.0,4.9084
2011-09-20 07:38:35,108.93524,34.20003,404.0,5.2485
2011-09-20 07:38:55,108.93446,34.19997,418.0,4.1094
2011-09-20 07:40:15,108.93109,34.20017,415.0,3.8198
2011-09-20 07:42:05,108.92441,34.20018,405.0,4.8661
2011-09-20 07:42:25,108.92388,34.20024,402.0,5.101
2011-09-20 07:42:55,108.92385,34.20019,403.0,1.0303
2011-09-20 07:45:45,108.9154,34.20026,410.0,3.8994
2011-09-20 07:46:55,108.91283,34.20019,410.0,4.2228
2011-09-20 07:47:15,108.91178,34.20024,404.0,3.6992
2011-09-20 07:47:25,108.91128,34.20018,403.0,4.7518
2011-09-20 07:47:45,108.91021,34.20026,409.0,4.8135
2011-09-20 07:49:15,108.90731,34.20021,408.0,3.3193
2011-09-20 07:50:35,108.90235,34.20028,405.0,4.2521
2011-09-20 07:51:15,108.89996,34.20025,399.0,5.6331
2011-09-20 07:51:25,108.89963,34.20029,400.0,5.003
2011-09-20 07:52:15,108.89688,34.20021,403.0,4.7216
2011-09-20 07:54:35,108.89122,34.20027,408.0,4.0708
2011-09-20 07:55:05,108.8906,34.20022,410.0,3.3974
2011-09-20 07:55:35,108.88979,34.20029,405.0,2.1922
2011-09-20 07:56:25,108.89022,34.20023,404.0,0.4371
2011-09-20 07:56:35,108.89053,34.20007,405.0,1.2053
2011-09-20 07:56:45,108.89051,34.1999,399.0,2.2681
2011-09-20 07:58:45,108.89035,34.19982,406.0,0.2489
2011-09-20 08:11:35,108.89031,34.19974,418.0,0.0288
2011-09-20 08:14:05,108.89022,34.19976,416.0,0.0149
2011-09-20 08:16:45,108.89033,34.19976,414.0,0.0093
2011-09-20 08:17:35,108.89032,34.19943,416.0,0.1801
2011-09-20 08:18:25,108.88943,34.19788,410.0,2.2484
2011-09-20 08:18:55,108.88893,34.19685,396.0,3.926
2011-09-20 08:19:35,108.88813,34.19548,396.0,4.1775
2011-09-20 08:19:45,108.88791,34.19522,393.0,4.0817
2011-09-20 08:20:35,108.88708,34.19347,386.0,4.0579
2011-09-20 08:21:35,108.88556,34.19118,401.0,4.532
2011-09-20 08:23:35,108.8838,34.18798,389.0,3.783
2011-09-20 08:25:15,108.88169,34.18449,397.0,3.7485
2011-09-20 08:25:25,108.88147,34.18422,399.0,4.2711
2011-09-20 08:25:35,108.88102,34.18417,401.0,3.5582
2011-09-20 08:25:45,108.88053,34.18388,402.0,4.7185
2011-09-20 08:25:55,108.88024,34.18349,400.0,5.2118
2011-09-20 08:26:35,108.8793,34.18184,399.0,5.0698
2011-09-20 08:26:45,108.87888,34.18156,399.0,4.9681
2011-09-20 08:27:15,108.87719,34.18159,388.0,4.9018
2011-09-20 08:27:25,108.87689,34.18151,399.0,4.5785
2011-09-20 08:28:05,108.87472,34.18151,412.0,4.5477
2011-09-20 08:28:35,108.87314,34.18167,423.0,4.9344
2011-09-20 08:28:55,108.87145,34.18149,430.0,6.0161
2011-09-20 08:29:05,108.87095,34.18151,426.0,6.7412
2011-09-20 08:29:15,108.87065,34.18164,425.0,3.7728
2011-09-20 08:29:25,108.86995,34.18157,429.0,4.6114
2011-09-20 08:30:15,108.86637,34.1815,424.0,6.5669
2011-09-20 08:30:35,108.86488,34.1813,414.0,6.6763
2011-09-20 08:30:55,108.86447,34.18079,406.0,4.7945
2011-09-20 08:31:05,108.86441,34.18037,405.0,3.7362
2011-09-20 08:31:25,108.86447,34.17948,401.0,4.8555
2011-09-20 08:32:05,108.86442,34.17776,404.0,4.837
2011-09-20 08:32:15,108.86447,34.17735,404.0,4.7369
2011-09-20 08:32:35,108.86441,34.17666,402.0,4.0773
2011-09-20 08:32:55,108.86445,34.17586,403.0,4.1423
2011-09-20 08:33:35,108.86425,34.17434,408.0,4.3065
2011-09-20 08:34:15,108.86447,34.17251,410.0,4.6563
2011-09-20 08:34:55,108.86448,34.17065,411.0,5.1357
2011-09-20 08:35:15,108.86446,34.16984,412.0,4.9482
2011-09-20 08:35:25,108.86426,34.16952,411.0,4.2423
2011-09-20 08:35:35,108.8638,34.16933,410.0,4.1542
2011-09-20 08:35:45,108.86338,34.16906,411.0,4.7882
2011-09-20 08:36:05,108.86286,34.16836,411.0,4.6083
2011-09-20 08:37:05,108.85977,34.16822,417.0,4.3126
2011-09-20 08:39:35,108.85215,34.16826,415.0,4.6924
2011-09-20 08:39:45,108.85167,34.16822,414.0,4.6576
2011-09-20 08:39:55,108.85142,34.16814,416.0,3.4237
2011-09-20 08:40:35,108.85131,34.16651,415.0,3.8601
2011-09-20 08:40:55,108.85134,34.16557,419.0,4.7644
2011-09-20 08:41:05,108.85124,34.1651,417.0,5.2306
2011-09-20 08:41:15,108.85126,34.16473,415.0,4.6847
2011-09-20 08:41:25,108.8512,34.16442,416.0,3.7851
2011-09-20 08:41:55,108.85126,34.16295,414.0,4.9482
2011-09-20 08:42:25,108.8512,34.16154,414.0,5.3374
2011-09-20 08:42:35,108.85089,34.16129,415.0,4.6924
2011-09-20 08:43:05,108.84921,34.16126,415.0,4.6432
2011-09-20 08:43:55,108.8461,34.16139,418.0,5.5108
2011-09-20 08:46:55,108.83539,34.16205,410.0,5.5417
2011-09-20 08:50:35,108.82065,34.16265,411.0,5.8645
2011-09-20 08:51:55,108.81552,34.16289,413.0,6.102
2011-09-20 08:52:15,108.81472,34.16297,409.0,5.4676
2011-09-20 08:52:25,108.81427,34.16291,407.0,3.8344
2011-09-20 08:52:35,108.81413,34.16261,404.0,3.3724
2011-09-20 08:53:25,108.81361,34.16028,401.0,4.978
2011-09-20 08:53:35,108.81359,34.15978,401.0,5.3097
2011-09-20 08:53:45,108.81346,34.15932,404.0,5.3818
2011-09-20 08:54:05,108.81333,34.15834,400.0,5.3966
2011-09-20 08:56:35,108.81239,34.15397,409.0,3.547
2011-09-20 09:03:55,108.81174,34.14987,410.0,1.6155
2011-09-20 09:04:05,108.81172,34.14944,415.0,1.1277
2011-09-20 09:04:55,108.81133,34.14736,409.0,4.694
2011-09-20 09:05:35,108.81111,34.14535,404.0,5.0915
2011-09-20 09:05:55,108.81078,34.14432,410.0,5.6967
2011-09-20 09:06:15,108.81053,34.14326,414.0,5.9612
2011-09-20 09:07:15,108.80927,34.14042,414.0,5.6923
2011-09-20 09:08:05,108.8079,34.13831,417.0,5.4662
2011-09-20 09:08:25,108.80726,34.13749,416.0,5.3522
2011-09-20 09:08:55,108.80624,34.13637,416.0,5.2868
2011-09-20 09:09:15,108.80545,34.13559,423.0,5.3809
2011-09-20 09:09:55,108.8037,34.13414,418.0,5.6798
2011-09-20 09:10:25,108.80226,34.13315,416.0,5.711
2011-09-20 09:11:05,108.80031,34.13206,414.0,5.5484
2011-09-20 09:11:55,108.79758,34.13093,410.0,5.5164
2011-09-20 09:20:25,108.76556,34.12024,397.0,6.1753
2011-09-20 09:25:45,108.74942,34.11409,403.0,5.7981
2011-09-20 09:28:25,108.74942,34.11416,404.0,3.4008
2011-09-20 09:38:35,108.74944,34.11407,411.0,0.0037
2011-09-20 09:41:45,108.74816,34.11362,398.0,0.1633
2011-09-20 09:41:55,108.74763,34.11337,394.0,0.9196
2011-09-20 09:43:45,108.74219,34.11138,406.0,5.0285
2011-09-20 09:44:05,108.74105,34.11103,407.0,5.0715
2011-09-20 09:44:45,108.73872,34.11049,403.0,5.574
2011-09-20 09:45:35,108.73576,34.10999,402.0,5.5618
2011-09-20 09:46:15,108.73324,34.10977,399.0,5.6759
2011-09-20 09:46:35,108.73227,34.10977,399.0,5.3706
2011-09-20 09:48:45,108.73238,34.10979,403.0,0.5281
2011-09-20 09:52:05,108.73223,34.10978,410.0,0.0117
2011-09-20 09:55:35,108.73233,34.10984,412.0,0.0176
2011-09-20 09:55:55,108.73228,34.10979,412.0,0.0206
2011-09-20 09:56:15,108.73227,34.10985,411.0,0.1409
2011-09-20 09:57:55,108.73218,34.1098,411.0,0.0773
2011-09-20 09:59:35,108.73233,34.10984,412.0,0.0282
2011-09-20 10:01:55,108.73072,34.10967,412.0,0.5633
2011-09-20 10:03:05,108.72714,34.10968,406.0,2.2769
2011-09-20 10:03:15,108.72657,34.10966,407.0,4.7759
2011-09-20 10:03:25,108.72586,34.10953,404.0,5.9509
2011-09-20 10:04:05,108.7236,34.10961,411.0,5.4698
2011-09-20 10:05:15,108.71926,34.10951,407.0,5.524
2011-09-20 10:05:25,108.71852,34.10941,403.0,5.8528
2011-09-20 10:06:05,108.71627,34.10945,404.0,5.5072
2011-09-20 10:07:55,108.70988,34.10929,401.0,5.3037
2011-09-20 10:09:15,108.70534,34.1093,419.0,5.2969
2011-09-20 10:11:15,108.69848,34.10915,421.0,5.2483
2011-09-20 10:13:25,108.69057,34.10909,418.0,5.4401
2011-09-20 10:16:35,108.67891,34.10894,412.0,5.6309
2011-09-20 10:17:55,108.67406,34.10904,414.0,5.6297
2011-09-20 10:18:55,108.67018,34.10904,416.0,5.7415
2011-09-20 10:21:25,108.66098,34.10939,425.0,5.7374
2011-09-20 10:23:55,108.65042,34.10954,422.0,6.0669
2011-09-20 10:24:15,108.64927,34.10951,424.0,6.3422
2011-09-20 10:24:35,108.6482,34.1096,424.0,5.1124
2011-09-20 10:26:25,108.64219,34.10958,418.0,5.0144
2011-09-20 10:27:15,108.63913,34.10965,415.0,5.2191
2011-09-20 10:29:05,108.63203,34.1096,414.0,5.8462
2011-09-20 10:30:25,108.6273,34.10968,417.0,5.7323
2011-09-20 10:30:35,108.62686,34.10955,424.0,5.289
2011-09-20 10:30:45,108.62629,34.10951,434.0,4.7444
2011-09-20 10:30:55,108.62563,34.10965,423.0,5.6893
2011-09-20 10:31:05,108.6251,34.10967,420.0,5.5497
2011-09-20 10:31:25,108.62391,34.10965,429.0,5.2784
2011-09-20 10:31:45,108.62287,34.10952,450.0,5.1496
2011-09-20 10:31:55,108.62223,34.10962,453.0,5.1569
2011-09-20 10:32:15,108.62217,34.10971,450.0,2.2607
2011-09-20 10:33:05,108.62023,34.10969,429.0,2.6328
2011-09-20 10:33:25,108.61911,34.10958,429.0,4.0299
2011-09-20 10:33:35,108.61873,34.10945,441.0,4.6884
2011-09-20 10:33:55,108.61765,34.10952,456.0,4.486
2011-09-20 10:34:15,108.61659,34.10937,474.0,4.9305
2011-09-20 10:34:25,108.61601,34.10949,471.0,5.0342
2011-09-20 10:34:45,108.61496,34.1095,479.0,5.0254
2011-09-20 10:35:05,108.61396,34.10936,494.0,4.7322
2011-09-20 10:35:15,108.61358,34.10919,499.0,4.3881
2011-09-20 10:35:35,108.61263,34.10908,529.0,4.2115
2011-09-20 10:36:25,108.61002,34.10928,520.0,4.6844
2011-09-20 10:36:35,108.60953,34.10937,512.0,4.787
2011-09-20 10:36:55,108.60845,34.10923,527.0,4.8217
2011-09-20 10:37:05,108.60785,34.10934,530.0,5.1569
2011-09-20 10:37:25,108.60679,34.10921,534.0,5.0949
2011-09-20 10:37:35,108.60614,34.10923,527.0,5.2636
2011-09-20 10:38:05,108.60447,34.1091,539.0,5.3486
2011-09-20 10:38:15,108.60395,34.10916,540.0,5.0444
2011-09-20 10:38:45,108.6026,34.10911,548.0,4.3042
2011-09-20 10:39:15,108.60128,34.1092,552.0,4.0976
2011-09-20 10:39:35,108.60031,34.10936,558.0,4.2531
2011-09-20 10:39:55,108.59999,34.10933,544.0,2.991
2011-09-20 10:40:25,108.59967,34.10953,526.0,1.2376
2011-09-20 10:40:35,108.5994,34.10957,521.0,1.513
2011-09-20 10:40:55,108.59908,34.10971,505.0,1.9296
2011-09-20 10:41:25,108.59931,34.10976,473.0,0.4539
2011-09-20 10:42:25,108.59914,34.10981,450.0,0.138
2011-09-20 10:42:45,108.59923,34.10986,441.0,0.1667
2011-09-20 10:43:55,108.5993,34.10959,433.0,0.3173
2011-09-20 10:44:15,108.59921,34.10944,431.0,0.5193
2011-09-20 10:45:15,108.59924,34.10983,412.0,0.3407
2011-09-20 10:46:05,108.59939,34.1098,410.0,0.3939
2011-09-20 10:50:15,108.59931,34.10976,412.0,0.0337
2011-09-20 10:53:05,108.59938,34.10973,412.0,0.0187
2011-09-20 10:53:35,108.59925,34.10976,413.0,0.0276
2011-09-20 10:53:55,108.599,34.10989,412.0,0.785
2011-09-20 10:54:45,108.59899,34.11079,424.0,1.6715
2011-09-20 10:57:35,108.5989,34.11086,423.0,0.4921
2011-09-20 10:58:15,108.59905,34.11095,424.0,0.0887
2011-09-20 10:58:25,108.59919,34.11082,423.0,0.5413
2011-09-20 10:59:05,108.59942,34.11076,423.0,0.8017
2011-09-20 10:59:25,108.59993,34.11043,423.0,1.346
2011-09-20 10:59:35,108.59964,34.11078,423.0,0.6792
2011-09-20 10:59:55,108.59919,34.11102,422.0,3.1527
2011-09-20 11:00:05,108.59903,34.11098,420.0,2.0134
2011-09-20 11:00:15,108.59882,34.11112,420.0,1.7916
2011-09-20 11:00:25,108.59898,34.11088,419.0,0.6017
2011-09-20 11:00:35,108.59914,34.11077,419.0,2.4406
2011-09-20 12:10:28,108.59906,34.11077,414.0,0.0034
2011-09-20 12:10:48,108.59885,34.11061,427.0,0.0076
2011-09-20 12:11:28,108.59887,34.1102,423.0,1.0958
2011-09-20 12:11:48,108.59854,34.10981,412.0,1.557
2011-09-20 12:12:08,108.59818,34.10982,405.0,1.9074
2011-09-20 12:12:28,108.59763,34.10996,405.0,2.1356
2011-09-20 12:12:48,108.59673,34.11,406.0,3.3747
2011-09-20 12:13:38,108.59539,34.10988,400.0,2.9488
2011-09-20 12:14:48,108.59513,34.10979,405.0,1.2429
2011-09-20 12:15:18,108.5953,34.10982,408.0,0.1064
2011-09-20 12:15:38,108.59472,34.10992,406.0,0.8084
2011-09-20 12:15:48,108.59433,34.10984,402.0,2.9777
2011-09-20 12:18:18,108.58707,34.10965,393.0,4.4059
2011-09-20 12:18:38,108.58594,34.10951,408.0,4.5488
2011-09-20 12:20:38,108.58102,34.10961,391.0,3.9787
2011-09-20 12:22:38,108.57518,34.10944,409.0,4.1277
2011-09-20 12:23:28,108.57249,34.10944,408.0,4.6209
2011-09-20 12:23:38,108.57225,34.10967,406.0,4.516
2011-09-20 12:24:08,108.57217,34.11136,405.0,5.3879
2011-09-20 12:25:28,108.57218,34.11539,406.0,5.7824
2011-09-20 12:25:58,108.57213,34.11654,410.0,5.2364
2011-09-20 12:26:18,108.57218,34.11735,411.0,4.3588
2011-09-20 12:26:48,108.5721,34.11877,407.0,4.9596
2011-09-20 12:26:58,108.57215,34.11909,403.0,4.8375
2011-09-20 12:27:28,108.57353,34.11911,403.0,3.424
2011-09-20 12:28:38,108.57425,34.11904,403.0,1.934
2011-09-20 12:29:48,108.57444,34.11924,406.0,0.6072
2011-09-20 12:32:28,108.57492,34.11938,410.0,0.3145
2011-09-20 12:33:48,108.57463,34.11934,409.0,0.0864
2011-09-20 12:34:18,108.57428,34.1191,412.0,0.6058
2011-09-20 12:35:28,108.57386,34.1191,416.0,0.7574
2011-09-20 12:35:48,108.57383,34.11919,416.0,0.4735
2011-09-20 12:35:58,108.57363,34.11919,416.0,0.7806
2011-09-20 12:36:48,108.57344,34.11862,415.0,1.214
2011-09-20 12:37:28,108.57351,34.11886,410.0,0.4258
2011-09-20 12:37:58,108.57342,34.11874,413.0,0.1924
2011-09-20 12:38:48,108.57357,34.11856,413.0,0.4227
2011-09-20 12:39:38,108.57404,34.11851,418.0,0.6254
2011-09-20 12:40:08,108.57408,34.11872,416.0,0.6276
2011-09-20 12:41:48,108.57407,34.11867,412.0,0.1385
2011-09-20 12:42:08,108.57423,34.11867,410.0,0.124
2011-09-20 12:43:28,108.57418,34.11824,410.0,0.4887
2011-09-20 12:44:08,108.57434,34.11821,411.0,0.4345
2011-09-20 12:44:28,108.57433,34.11809,412.0,0.3609
2011-09-20 12:44:58,108.57438,34.11822,409.0,0.0769
2011-09-20 12:45:28,108.57417,34.11821,410.0,0.3312
2011-09-20 12:45:58,108.57423,34.11819,410.0,0.2368
2011-09-20 12:46:28,108.57424,34.11829,408.0,0.1831
2011-09-20 12:47:08,108.57406,34.11843,410.0,0.442
2011-09-20 12:48:48,108.57345,34.11851,409.0,0.5481
2011-09-20 12:49:18,108.57347,34.11861,409.0,0.4453
2011-09-20 12:50:08,108.57325,34.11867,409.0,0.32
2011-09-20 13:04:07,108.58406,34.11598,447.0,1.1449
2011-09-20 13:04:38,108.57341,34.11863,397.0,0.0177
2011-09-20 13:05:48,108.57337,34.11859,397.0,10.1584
2011-09-20 13:06:08,108.57344,34.11862,399.0,0.0331
2011-09-20 13:06:48,108.57341,34.11856,400.0,0.0828
2011-09-20 13:07:08,108.57335,34.11868,403.0,0.1773
2011-09-20 13:09:28,108.57347,34.11858,405.0,0.0372
2011-09-20 13:10:08,108.5738,34.11854,407.0,0.2459
2011-09-20 13:10:28,108.57389,34.11847,405.0,0.6759
2011-09-20 13:10:48,108.57404,34.11849,403.0,0.5696
2011-09-20 13:11:08,108.57403,34.1184,403.0,0.3764
2011-09-20 13:11:28,108.57412,34.11843,405.0,0.2484
2011-09-20 13:11:58,108.57411,34.11851,405.0,0.2855
2011-09-20 13:12:08,108.57417,34.11853,408.0,0.3009
2011-09-20 13:12:58,108.57402,34.1184,413.0,0.2462
2011-09-20 13:13:08,108.57391,34.1184,416.0,0.466
2011-09-20 13:13:18,108.57388,34.11849,417.0,0.8159
2011-09-20 13:14:08,108.57347,34.11845,420.0,0.6814
2011-09-20 13:14:28,108.57332,34.11852,421.0,0.738
2011-09-20 13:14:58,108.5734,34.1186,420.0,0.3576
2011-09-20 13:16:28,108.57326,34.11846,415.0,0.0722
2011-09-20 13:16:38,108.57334,34.11851,414.0,0.1143
2011-09-20 13:16:48,108.57334,34.1186,416.0,0.8611
2011-09-20 13:17:58,108.57334,34.11853,415.0,0.0278
2011-09-20 13:19:38,108.5734,34.1186,400.0,0.0325
2011-09-20 13:20:18,108.57333,34.11862,406.0,0.0718
2011-09-20 13:20:48,108.57344,34.11874,405.0,0.2285
2011-09-20 13:20:58,108.5735,34.11899,400.0,1.1004
2011-09-20 13:21:08,108.57328,34.11907,397.0,1.977
2011-09-20 13:21:38,108.57231,34.11909,397.0,2.7527
2011-09-20 13:21:48,108.57209,34.11885,401.0,2.8061
2011-09-20 13:24:28,108.57206,34.11292,408.0,4.038
2011-09-20 13:25:48,108.57218,34.11002,416.0,4.0912
2011-09-20 13:25:58,108.57209,34.10971,422.0,3.9661
2011-09-20 13:26:38,108.57221,34.10827,417.0,3.8922
2011-09-20 13:27:38,108.57212,34.1058,403.0,4.3478
2011-09-20 13:28:08,108.57219,34.10454,407.0,4.6085
2011-09-20 13:29:48,108.57219,34.10026,404.0,4.7389
2011-09-20 13:29:58,108.57215,34.09983,403.0,4.7613
2011-09-20 13:30:18,108.57222,34.09888,406.0,5.1158
2011-09-20 13:31:48,108.57223,34.09488,407.0,5.0042
2011-09-20 13:32:48,108.57233,34.09209,405.0,5.0339
2011-09-20 13:33:08,108.57228,34.09122,405.0,5.0875
2011-09-20 13:35:58,108.57244,34.08339,410.0,5.0918
2011-09-20 13:36:18,108.57251,34.08238,410.0,5.1747
2011-09-20 13:38:18,108.5726,34.07628,410.0,5.6481
2011-09-20 13:39:58,108.57282,34.07136,425.0,5.5714
2011-09-20 13:40:18,108.57279,34.07048,422.0,5.3764
2011-09-20 13:40:58,108.57291,34.06863,427.0,5.0613
2011-09-20 13:42:38,108.57292,34.06435,433.0,4.8695
2011-09-20 13:44:08,108.57283,34.06137,429.0,4.249
2011-09-20 13:46:48,108.57302,34.05522,456.0,4.061
2011-09-20 13:46:58,108.57323,34.05493,451.0,4.2179
2011-09-20 13:47:18,108.57431,34.05508,437.0,3.9952
2011-09-20 13:47:48,108.57614,34.05509,435.0,5.3735
2011-09-20 13:48:18,108.5781,34.05507,436.0,5.8193
2011-09-20 13:48:28,108.57862,34.05495,431.0,5.725
2011-09-20 13:48:38,108.57904,34.05473,430.0,4.7245
2011-09-20 13:48:48,108.57949,34.05469,430.0,4.2602
2011-09-20 13:48:58,108.58001,34.05499,430.0,4.6961
2011-09-20 13:49:08,108.58064,34.05501,429.0,5.588
2011-09-20 13:50:18,108.58509,34.05503,423.0,5.8502
2011-09-20 13:50:28,108.58535,34.05487,421.0,5.4274
2011-09-20 13:51:58,108.58535,34.05445,431.0,0.688
2011-09-20 13:55:38,108.58467,34.0478,452.0,2.544
2011-09-20 13:58:48,108.58421,34.04181,472.0,3.4376
2011-09-20 13:59:48,108.584,34.04028,450.0,3.3538
2011-09-20 14:07:08,108.58335,34.03338,482.0,1.8814
2011-09-20 14:09:28,108.58322,34.03143,498.0,1.7012
2011-09-20 14:10:58,108.58304,34.02996,502.0,1.6581
2011-09-20 14:13:08,108.58291,34.02788,517.0,1.799
2011-09-20 14:14:58,108.58275,34.02651,513.0,1.6023
2011-09-20 14:15:38,108.5828,34.02602,512.0,1.3805
2011-09-20 14:16:08,108.58274,34.02592,517.0,0.9373
2011-09-20 14:16:48,108.583,34.02581,520.0,0.425
2011-09-20 14:17:58,108.58297,34.02576,523.0,0.2516
2011-09-20 14:18:28,108.58309,34.02576,522.0,0.0999
2011-09-20 14:19:28,108.58303,34.02582,523.0,0.0963
2011-09-20 14:21:38,108.58299,34.02576,539.0,0.0485
2011-09-20 14:21:58,108.58303,34.02579,545.0,0.0222
2011-09-20 14:24:28,108.58371,34.02554,549.0,0.416
2011-09-20 14:27:08,108.59314,34.02565,536.0,3.0059
2011-09-20 14:27:28,108.59447,34.02562,536.0,5.5092
2011-09-20 14:27:58,108.59629,34.02545,542.0,5.8229
2011-09-20 14:28:48,108.59894,34.02488,524.0,5.251
2011-09-20 14:30:08,108.60383,34.02346,527.0,5.6097
2011-09-20 14:30:28,108.6053,34.02316,532.0,6.1654
2011-09-20 14:30:58,108.60731,34.02299,534.0,6.4989
2011-09-20 14:31:28,108.60908,34.02295,537.0,5.8191
2011-09-20 14:34:58,108.61909,34.02305,523.0,4.5236
2011-09-20 14:35:18,108.6203,34.02299,526.0,4.4958
2011-09-20 14:36:28,108.62459,34.02299,524.0,5.6325
2011-09-20 14:37:28,108.62871,34.02307,522.0,5.9624
2011-09-20 14:38:08,108.63171,34.02303,517.0,6.5619
2011-09-20 14:38:18,108.63239,34.02309,513.0,6.7831
2011-09-20 14:39:18,108.6369,34.02314,502.0,6.8352
2011-09-20 14:39:48,108.63881,34.02314,511.0,6.5743
2011-09-20 14:40:18,108.63923,34.02305,511.0,3.5828
2011-09-20 14:42:18,108.63993,34.02314,512.0,0.6881
2011-09-20 14:42:48,108.6418,34.02307,508.0,1.5791
2011-09-20 14:44:28,108.65215,34.02312,458.0,8.663
2011-09-20 14:45:38,108.65631,34.02294,445.0,7.8666
2011-09-20 14:46:58,108.65916,34.02245,457.0,4.3355
2011-09-20 14:47:38,108.66053,34.02207,464.0,3.3397
2011-09-20 14:51:18,108.66948,34.01903,468.0,3.9397
2011-09-20 14:51:58,108.67109,34.01828,471.0,4.0791
2011-09-20 14:52:48,108.67273,34.01725,487.0,3.9891
2011-09-20 14:56:28,108.67779,34.01328,497.0,3.0775
2011-09-20 14:57:08,108.67911,34.01245,489.0,3.0544
2011-09-20 14:57:28,108.67979,34.01213,482.0,3.7392
2011-09-20 14:58:28,108.682,34.01127,459.0,3.7117
2011-09-20 14:59:18,108.68375,34.01082,462.0,3.5727
2011-09-20 15:00:38,108.68637,34.01037,470.0,3.1926
2011-09-20 15:01:38,108.68872,34.00989,480.0,3.3545
2011-09-20 15:02:38,108.69204,34.0094,490.0,4.447
2011-09-20 15:04:08,108.69979,34.00936,479.0,6.8138
2011-09-20 15:06:48,108.70597,34.00947,499.0,5.1361
2011-09-20 15:07:38,108.70802,34.00944,496.0,3.6126
2011-09-20 15:08:58,108.71151,34.00955,491.0,3.9286
2011-09-20 15:10:28,108.71393,34.00954,501.0,3.2051
2011-09-20 15:11:18,108.71397,34.00949,501.0,1.6203
2011-09-20 15:12:08,108.71388,34.00951,500.0,0.0569
2011-09-20 15:12:58,108.71391,34.00965,499.0,0.1863
2011-09-20 15:13:18,108.71389,34.00968,499.0,0.2704
2011-09-20 15:13:48,108.71381,34.00966,500.0,0.1857
2011-09-20 15:14:18,108.71389,34.00959,501.0,0.1668
2011-09-20 15:14:28,108.71386,34.00957,502.0,0.2754
2011-09-20 15:14:38,108.71389,34.0096,508.0,0.0556
2011-09-20 15:15:58,108.71376,34.00968,508.0,0.1702
2011-09-20 15:16:18,108.71381,34.00963,508.0,0.0809
2011-09-20 15:17:58,108.71378,34.00969,488.0,0.0179
2011-09-20 15:20:08,108.71382,34.00968,486.0,0.0245
2011-09-20 15:20:58,108.71369,34.00968,489.0,0.0465
2011-09-20 15:21:18,108.71379,34.00966,490.0,0.0507
2011-09-20 15:22:28,108.71373,34.00974,489.0,0.0847
2011-09-20 15:22:48,108.7137,34.00967,496.0,0.093
2011-09-20 15:23:08,108.71377,34.00966,498.0,0.2407
2011-09-20 15:24:18,108.7135,34.00993,507.0,0.381
2011-09-20 15:25:38,108.71373,34.00974,508.0,0.0642
2011-09-20 15:25:58,108.71369,34.00978,508.0,0.2418
2011-09-20 15:26:38,108.71381,34.00981,507.0,0.1787
2011-09-20 15:26:58,108.71368,34.00975,507.0,0.0577
2011-09-20 15:27:48,108.71349,34.00997,498.0,0.4921
2011-09-20 15:29:28,108.71331,34.01664,486.0,5.1126
2011-09-20 15:30:08,108.71332,34.01974,493.0,7.7606
2011-09-20 15:30:58,108.7132,34.02355,458.0,8.538
2011-09-20 15:31:08,108.71326,34.02429,455.0,8.4328
2011-09-20 15:31:18,108.71319,34.025,463.0,8.0618
2011-09-20 15:31:38,108.71321,34.02644,477.0,7.9704
2011-09-20 15:32:08,108.71312,34.02851,463.0,7.807
2011-09-20 15:32:48,108.71308,34.03127,458.0,7.6744
2011-09-20 15:33:18,108.71294,34.03333,465.0,7.6602
2011-09-20 15:33:48,108.71294,34.03529,459.0,7.4532
2011-09-20 15:34:38,108.71277,34.03847,468.0,7.147
2011-09-20 15:34:48,108.71276,34.03914,460.0,7.1404
2011-09-20 15:34:58,108.71313,34.0397,453.0,7.0367
2011-09-20 15:35:28,108.71487,34.04097,447.0,7.0359
2011-09-20 15:39:08,108.72893,34.0487,435.0,7.0663
2011-09-20 15:39:38,108.73096,34.05001,437.0,7.1645
2011-09-20 15:40:18,108.73336,34.05176,437.0,7.5909
2011-09-20 15:40:48,108.73479,34.053,438.0,6.9259
2011-09-20 15:41:28,108.73648,34.05466,440.0,6.1711
2011-09-20 15:52:08,108.76203,34.08036,418.0,5.7993
2011-09-20 15:53:08,108.7641,34.0822,411.0,5.6875
2011-09-20 15:54:58,108.76894,34.08557,423.0,5.0622
2011-09-20 15:55:28,108.7702,34.08623,429.0,5.1329
2011-09-20 15:55:58,108.77156,34.08677,427.0,4.5953
2011-09-20 15:56:48,108.77435,34.08777,418.0,5.2348
2011-09-20 15:57:38,108.77722,34.08869,410.0,5.6326
2011-09-20 16:00:48,108.78673,34.09209,410.0,5.1546
2011-09-20 16:01:38,108.78723,34.09218,413.0,4.1673
2011-09-20 16:02:18,108.78847,34.09267,410.0,1.9191
2011-09-20 16:02:58,108.79036,34.09331,411.0,3.9303
2011-09-20 16:03:08,108.79082,34.09357,416.0,4.7683
2011-09-20 16:03:38,108.79211,34.09408,423.0,4.562
2011-09-20 16:05:08,108.79681,34.09572,418.0,5.0096
2011-09-20 16:05:58,108.79933,34.09648,415.0,5.1171
2011-09-20 16:07:08,108.8023,34.09726,417.0,4.4478
2011-09-20 16:09:28,108.80892,34.09875,423.0,4.3733
2011-09-20 16:09:58,108.80937,34.09894,432.0,3.9839
2011-09-20 16:10:48,108.81008,34.09958,439.0,1.7645
2011-09-20 16:10:58,108.81036,34.10001,443.0,2.4981
2011-09-20 16:11:18,108.81066,34.10102,434.0,5.6264
2011-09-20 16:11:48,108.81079,34.10258,421.0,5.77
2011-09-20 16:13:18,108.81137,34.10704,422.0,5.6048
2011-09-20 16:14:28,108.81194,34.11048,424.0,5.53
2011-09-20 16:14:58,108.81237,34.11204,429.0,5.6355
2011-09-20 16:15:18,108.81279,34.11303,428.0,5.8829
2011-09-20 16:15:38,108.81332,34.11403,432.0,5.9484
2011-09-20 16:16:18,108.81431,34.11569,431.0,5.4535
2011-09-20 16:16:48,108.81517,34.11682,425.0,5.0558
2011-09-20 16:17:48,108.8166,34.11911,420.0,4.8312
2011-09-20 16:18:08,108.81722,34.11998,417.0,4.9856
2011-09-20 16:19:38,108.81978,34.12411,418.0,5.7121
2011-09-20 16:23:38,108.82424,34.13107,415.0,4.2188
2011-09-20 16:25:28,108.82412,34.13111,424.0,2.4997
2011-09-20 16:26:08,108.82426,34.13109,422.0,0.0192
2011-09-20 16:26:58,108.8243,34.13102,422.0,0.2151
2011-09-20 16:28:48,108.82418,34.13105,423.0,0.0538
2011-09-20 16:31:08,108.82416,34.13117,427.0,0.0843
2011-09-20 16:32:08,108.82421,34.13115,433.0,0.0573
2011-09-20 16:33:18,108.82458,34.13162,430.0,0.4864
2011-09-20 16:33:48,108.82524,34.13258,426.0,1.8513
2011-09-20 16:36:18,108.82917,34.13887,428.0,5.0564
2011-09-20 16:36:38,108.82981,34.13976,428.0,5.3082
2011-09-20 16:37:18,108.831,34.14166,430.0,5.8834
2011-09-20 16:37:28,108.83105,34.14194,428.0,5.3585
2011-09-20 16:37:48,108.83149,34.14257,431.0,3.6927
2011-09-20 16:39:28,108.83384,34.14643,432.0,4.6785
2011-09-20 16:39:58,108.83479,34.14767,418.0,4.9484
2011-09-20 16:40:08,108.83522,34.14808,418.0,5.5784
2011-09-20 16:40:18,108.83571,34.14846,417.0,6.1
2011-09-20 16:41:18,108.8386,34.15035,415.0,5.7224
2011-09-20 16:41:38,108.83956,34.15108,415.0,5.7336
2011-09-20 16:41:48,108.83999,34.1515,415.0,6.0289
2011-09-20 16:41:58,108.84037,34.15198,416.0,6.2391
2011-09-20 16:42:18,108.84101,34.15303,415.0,6.4767
2011-09-20 16:44:08,108.84313,34.15877,417.0,6.1276
2011-09-20 16:44:18,108.84317,34.15932,419.0,6.0592
2011-09-20 16:45:58,108.84212,34.16489,418.0,6.2439
2011-09-20 16:46:48,108.84212,34.16777,418.0,6.297
2011-09-20 16:46:58,108.84204,34.16827,417.0,6.2652
2011-09-20 16:47:08,108.84212,34.16877,417.0,5.5597
2011-09-20 16:47:38,108.84208,34.17056,413.0,6.3666
2011-09-20 16:48:28,108.84218,34.17313,410.0,6.0605
2011-09-20 16:48:38,108.84248,34.17324,410.0,5.0044
2011-09-20 16:48:48,108.84283,34.17328,408.0,3.104
2011-09-20 16:50:58,108.85055,34.1731,406.0,5.3041
2011-09-20 16:51:38,108.85315,34.17311,406.0,5.5858
2011-09-20 16:54:48,108.86336,34.17292,411.0,5.1245
2011-09-20 16:58:18,108.87376,34.17282,417.0,4.7408
2011-09-20 16:59:28,108.87365,34.17278,417.0,3.3813
2011-09-20 17:03:08,108.87394,34.17282,415.0,0.0571
2011-09-20 17:05:28,108.87937,34.17279,413.0,1.4617
2011-09-20 17:09:28,108.89183,34.17253,416.0,4.332
2011-09-20 17:12:08,108.89907,34.17246,419.0,4.5318
2011-09-20 17:13:18,108.89933,34.17284,417.0,3.0036
2011-09-20 17:14:18,108.8996,34.17601,397.0,3.0596
2011-09-20 17:14:28,108.89987,34.17625,402.0,5.4631
2011-09-20 17:14:38,108.90007,34.1766,403.0,3.9286
2011-09-20 17:15:48,108.90033,34.18011,405.0,5.3912
2011-09-20 17:16:38,108.90039,34.18201,413.0,5.019
2011-09-20 17:18:28,108.90038,34.18649,411.0,4.434
2011-09-20 17:19:08,108.90019,34.18842,439.0,4.7533
2011-09-20 17:19:48,108.90026,34.18983,435.0,4.6444
2011-09-20 17:20:08,108.90034,34.19026,419.0,3.4177
2011-09-20 17:20:38,108.90048,34.19014,413.0,0.7994
2011-09-20 17:21:18,108.90116,34.19018,409.0,1.0849
2011-09-20 17:21:28,108.90134,34.19031,407.0,1.6266
2011-09-20 17:22:18,108.90161,34.19035,407.0,0.7584
2011-09-20 17:22:48,108.90226,34.19026,404.0,1.06
2011-09-20 17:23:48,108.90343,34.19025,399.0,1.8641
2011-09-20 17:24:08,108.90385,34.19052,406.0,1.8634
2011-09-20 17:24:18,108.90428,34.19054,407.0,2.819
2011-09-20 17:25:38,108.90804,34.19055,413.0,4.2822
2011-09-20 17:26:08,108.90944,34.19049,412.0,4.3149
2011-09-20 17:27:18,108.91273,34.19026,413.0,4.3258
2011-09-20 17:28:58,108.91748,34.18981,411.0,4.3727
2011-09-20 17:30:38,108.92158,34.18923,403.0,4.1101
2011-09-20 17:30:48,108.92199,34.18912,406.0,3.8351
2011-09-20 17:31:18,108.92324,34.18907,414.0,3.843
2011-09-20 17:32:38,108.9256,34.18878,415.0,3.0381
2011-09-20 17:34:38,108.93123,34.18851,410.0,3.6877
2011-09-20 17:35:38,108.93394,34.18805,416.0,4.2855
2011-09-20 17:36:18,108.93545,34.18793,418.0,3.9348
2011-09-20 17:36:58,108.93695,34.18809,419.0,3.4612
2011-09-20 17:37:18,108.93759,34.18825,424.0,3.3338
2011-09-20 17:37:58,108.93874,34.18837,422.0,2.7927
2011-09-20 17:38:28,108.93972,34.18862,422.0,2.8599
2011-09-20 17:38:38,108.9401,34.18878,426.0,3.3285
2011-09-20 17:39:08,108.94143,34.18903,429.0,4.094
2011-09-20 17:40:08,108.94374,34.18901,428.0,3.7309
2011-09-20 17:41:18,108.94613,34.18876,427.0,3.3334
2011-09-20 17:42:18,108.94834,34.18874,429.0,3.2628
2011-09-20 17:44:38,108.95208,34.18889,432.0,2.7373
2011-09-20 17:44:48,108.95233,34.18909,430.0,2.4604
2011-09-20 17:44:58,108.95244,34.18944,433.0,3.4773
2011-09-20 17:45:08,108.95248,34.18984,439.0,4.2265
2011-09-20 17:48:38,108.95242,34.1902,440.0,0.3842
2011-09-20 17:49:08,108.95268,34.1905,434.0,0.3152
2011-09-20 17:49:38,108.95315,34.19047,435.0,1.2258
2011-09-20 17:50:08,108.95358,34.19059,440.0,1.3897
2011-09-20 17:50:48,108.95437,34.19052,442.0,1.605
2011-09-20 17:50:58,108.9546,34.19058,438.0,1.8765
2011-09-20 17:51:28,108.95475,34.19162,441.0,3.1803
2011-09-20 17:51:38,108.95521,34.1917,435.0,3.4148
2011-09-20 17:51:48,108.95558,34.19187,432.0,4.0622
2011-09-20 17:52:08,108.9562,34.19232,431.0,3.807
2011-09-20 17:52:18,108.95665,34.19246,439.0,3.9426
2011-09-20 17:52:28,108.95698,34.19244,434.0,3.6486
2011-09-20 17:52:38,108.95721,34.19253,431.0,2.6046
2011-09-20 17:53:08,108.9571,34.19346,456.0,2.8489
2011-09-20 17:53:18,108.95716,34.19378,440.0,3.4767
2011-09-20 17:53:38,108.95705,34.19446,441.0,3.7097
2011-09-20 17:53:48,108.95733,34.19466,443.0,3.3031
2011-09-20 17:54:08,108.95803,34.19461,430.0,3.0555
2011-09-20 17:54:18,108.95822,34.19473,435.0,2.7408
2011-09-20 17:55:08,108.95893,34.19466,440.0,1.3827
2011-09-20 17:55:48,108.95959,34.1949,433.0,1.4157
2011-09-20 17:55:58,108.95964,34.19519,432.0,1.7592
2011-09-20 17:56:38,108.95961,34.19643,434.0,3.4028
2011-09-20 17:56:48,108.95968,34.19644,435.0,2.7808
2011-09-20 17:58:48,108.95948,34.19637,453.0,0.1053
2011-09-20 17:59:48,108.95958,34.19642,459.0,0.0526
2011-09-20 18:00:58,108.95968,34.19638,464.0,0.1418
2011-09-20 18:01:08,108.9595,34.19641,463.0,0.093
2011-09-20 18:01:48,108.95962,34.19638,464.0,0.1104
2011-09-20 18:02:28,108.95949,34.19631,473.0,0.1395
2011-09-20 18:03:08,108.95953,34.19628,482.0,0.1733
2011-09-20 18:03:28,108.95948,34.19632,481.0,0.0241
2011-09-20 18:03:58,108.95957,34.19634,473.0,0.1524
2011-09-20 18:05:28,108.95947,34.19631,466.0,0.012
2011-09-20 18:07:18,108.95954,34.19724,454.0,0.5006
2011-09-20 18:07:38,108.95943,34.19809,444.0,1.5228
2011-09-20 18:07:48,108.95951,34.19847,445.0,4.5599
2011-09-20 18:08:18,108.95948,34.19977,452.0,4.6716
2011-09-20 18:08:58,108.95957,34.20068,468.0,3.5115
2011-09-20 18:09:28,108.9594,34.20101,472.0,1.9725
2011-09-20 18:10:08,108.95954,34.20148,465.0,1.2714
2011-09-20 18:10:28,108.95945,34.2017,449.0,1.281
2011-09-20 18:10:58,108.95945,34.20205,443.0,1.2784
2011-09-20 18:11:28,108.95954,34.20239,442.0,1.2862
2011-09-20 18:12:18,108.9595,34.2029,448.0,1.1828
2011-09-20 18:12:38,108.95958,34.20309,450.0,1.1132
2011-09-20 18:13:08,108.95944,34.20389,451.0,2.2044
2011-09-20 18:13:28,108.95946,34.20487,450.0,3.9647
2011-09-20 18:13:38,108.95951,34.20537,439.0,5.4898
2011-09-20 18:13:48,108.95979,34.20571,430.0,4.9105
2011-09-20 18:14:08,108.95979,34.20676,457.0,5.223
2011-09-20 18:14:28,108.95951,34.20735,473.0,4.6042
2011-09-20 18:14:38,108.95918,34.20768,464.0,3.889
2011-09-20 18:14:48,108.95897,34.20801,452.0,4.4305
2011-09-20 18:15:08,108.95875,34.20869,430.0,3.9688
2011-09-20 18:15:18,108.95872,34.209,426.0,3.7486
2011-09-20 18:15:38,108.95894,34.20959,426.0,3.3863
2011-09-20 18:15:58,108.95941,34.2099,428.0,2.9624
2011-09-20 18:16:38,108.95955,34.21045,448.0,1.8478
2011-09-20 18:16:58,108.95947,34.21067,450.0,1.43
2011-09-20 18:17:18,108.95948,34.21089,454.0,1.2337
2011-09-20 18:17:28,108.95941,34.21097,458.0,1.1271
2011-09-20 18:17:38,108.95949,34.21108,459.0,1.0574
2011-09-20 18:17:58,108.95949,34.21134,446.0,1.3932
2011-09-20 18:18:08,108.95933,34.21157,443.0,1.8812
2011-09-20 18:18:18,108.95948,34.21186,449.0,2.8914
2011-09-20 18:18:28,108.9595,34.2122,443.0,3.5888
2011-09-20 18:18:48,108.95941,34.21281,443.0,3.5277
2011-09-20 18:18:58,108.95951,34.21318,454.0,3.6325
2011-09-20 18:19:08,108.95951,34.21358,452.0,4.3056
2011-09-20 18:19:18,108.95934,34.21394,458.0,4.2971
2011-09-20 18:19:28,108.95925,34.21434,466.0,4.3912
2011-09-20 18:19:38,108.95943,34.21473,457.0,4.4116
2011-09-20 18:20:08,108.95937,34.21606,434.0,4.7893
2011-09-20 18:20:18,108.95927,34.21645,429.0,4.7955
2011-09-20 18:20:28,108.95932,34.21681,425.0,4.1761
2011-09-20 18:20:38,108.95916,34.21696,428.0,2.8802
2011-09-20 18:21:18,108.9579,34.21692,443.0,2.6228
2011-09-20 18:21:28,108.95748,34.21697,441.0,3.0896
2011-09-20 18:21:48,108.95697,34.21678,437.0,2.8973
2011-09-20 18:21:58,108.95652,34.21693,437.0,2.9461
2011-09-20 18:22:08,108.95637,34.21703,438.0,3.0889
2011-09-20 18:22:18,108.95632,34.21719,436.0,1.7132
2011-09-20 18:22:58,108.9564,34.21767,426.0,1.4244
2011-09-20 18:23:28,108.95633,34.21799,422.0,1.2709
2011-09-20 18:23:38,108.95638,34.2181,416.0,1.1962
2011-09-20 18:23:58,108.95626,34.21834,426.0,1.3149
2011-09-20 18:24:38,108.95627,34.21878,444.0,1.2714
2011-09-20 18:25:08,108.95617,34.21919,443.0,1.3554
2011-09-20 18:25:48,108.95629,34.21968,423.0,1.4299
2011-09-20 18:27:18,108.95616,34.22287,425.0,3.1477
2011-09-20 18:27:38,108.95606,34.22364,448.0,4.0076
2011-09-20 18:27:48,108.95616,34.22403,445.0,4.2995
2011-09-20 18:27:58,108.95644,34.22419,429.0,3.5217
2011-09-20 18:28:28,108.95735,34.22419,424.0,2.7712
2011-09-20 18:29:38,108.95842,34.22429,408.0,1.8238
2011-09-20 18:30:38,108.95912,34.22455,402.0,1.2891
2011-09-20 18:31:08,108.95944,34.2246,404.0,1.1102
2011-09-20 18:31:18,108.95948,34.2249,411.0,1.2772
2011-09-20 18:31:28,108.95935,34.22531,427.0,3.969
2011-09-20 18:31:48,108.95927,34.22618,443.0,4.7878
2011-09-20 18:32:08,108.95934,34.22697,426.0,4.6146
2011-09-20 18:32:28,108.95926,34.22778,431.0,4.4479
2011-09-20 18:32:38,108.95932,34.2281,424.0,4.1888
2011-09-20 18:32:58,108.95925,34.22874,434.0,3.5584
2011-09-20 18:33:08,108.95931,34.22903,423.0,3.4472
2011-09-20 18:33:38,108.95926,34.22991,427.0,3.2525
2011-09-20 18:34:08,108.95932,34.23086,410.0,3.3915
2011-09-20 18:34:28,108.95943,34.23154,409.0,3.6384
2011-09-20 18:34:58,108.95916,34.23261,435.0,3.9029
2011-09-20 18:35:28,108.95912,34.23347,434.0,3.6082
2011-09-20 18:35:48,108.95903,34.23387,445.0,2.8123
2011-09-20 18:36:18,108.95906,34.23507,434.0,3.5599
2011-09-20 18:36:48,108.95892,34.23554,441.0,3.0995
2011-09-20 18:37:18,108.95877,34.23679,493.0,3.2184
2011-09-20 18:37:28,108.95891,34.23702,468.0,4.1143
2011-09-20 18:37:48,108.95896,34.23701,455.0,1.0019
2011-09-20 18:38:58,108.95892,34.23849,464.0,1.8162
2011-09-20 18:39:08,108.959,34.23886,435.0,2.5718
2011-09-20 18:40:08,108.95897,34.24123,421.0,4.353
2011-09-20 18:40:58,108.9589,34.24311,416.0,4.297
2011-09-20 18:41:08,108.95879,34.2434,458.0,4.031
2011-09-20 18:41:18,108.95894,34.24375,452.0,3.563
2011-09-20 18:41:38,108.95879,34.24437,472.0,3.5953
2011-09-20 18:42:08,108.95875,34.24546,456.0,3.8189
2011-09-20 18:43:18,108.95855,34.24753,481.0,3.5207
2011-09-20 18:43:28,108.95846,34.24763,477.0,3.0345
2011-09-20 18:43:58,108.95703,34.24765,427.0,3.5087
2011-09-20 18:44:18,108.95665,34.24758,415.0,3.3292
2011-09-20 18:44:28,108.95654,34.24746,413.0,1.6583
2011-09-20 18:44:38,108.95647,34.24716,412.0,2.4773
2011-09-20 18:44:48,108.95652,34.24694,408.0,2.8925
2011-09-20 18:45:08,108.95687,34.24683,405.0,1.7315
2011-09-20 18:45:38,108.95668,34.2469,404.0,0.3073
2011-09-20 18:45:58,108.95661,34.24649,398.0,0.8945
2011-09-20 18:46:08,108.95668,34.24636,395.0,2.0015
2011-09-20 18:46:28,108.95665,34.24645,389.0,0.1924
2011-09-20 18:46:48,108.95674,34.24639,393.0,0.1611
2011-09-20 18:47:28,108.95662,34.24621,402.0,0.4471
2011-09-20 18:47:48,108.95658,34.24595,404.0,0.8515
2011-09-20 18:47:58,108.95655,34.24612,405.0,0.3966
2011-09-20 18:48:08,108.95668,34.24657,406.0,3.4775
2011-09-20 18:48:18,108.95677,34.24636,406.0,1.6741
2011-09-20 18:48:28,108.95666,34.2464,406.0,0.9496
2011-09-20 18:48:38,108.95682,34.2462,407.0,0.9188
2011-09-20 18:48:58,108.95673,34.24616,409.0,0.915
2011-09-20 18:49:18,108.95674,34.24623,412.0,0.2019
2011-09-20 18:49:28,108.95669,34.24615,412.0,0.128
2011-09-20 18:49:48,108.95683,34.24611,421.0,0.5233
2011-09-20 18:49:58,108.95683,34.24604,425.0,0.5918
2011-09-20 18:50:48,108.95668,34.24638,436.0,0.5506
2011-09-20 18:51:28,108.95681,34.24617,451.0,0.1619
2011-09-20 18:51:38,108.95671,34.24608,456.0,0.6694
2011-09-20 18:51:48,108.95674,34.24604,459.0,0.7911
2011-09-20 18:51:58,108.95686,34.24606,459.0,0.6983
2011-09-20 18:52:28,108.95677,34.24612,460.0,0.2328
2011-09-20 18:52:38,108.95685,34.24615,463.0,0.2512
2011-09-20 18:52:58,108.95708,34.24601,466.0,1.0336
2011-09-20 18:53:18,108.95692,34.24604,469.0,0.3455
2011-09-20 18:53:28,108.95689,34.24618,470.0,0.8579
2011-09-20 18:53:48,108.95649,34.2462,476.0,1.4448
2011-09-20 18:53:58,108.95669,34.24629,473.0,0.736
2011-09-20 18:54:08,108.95663,34.24624,473.0,0.6808
2011-09-20 18:54:28,108.95664,34.2461,461.0,0.7207
2011-09-20 18:54:58,108.95643,34.24623,456.0,0.3683
2011-09-20 18:55:08,108.95651,34.2464,454.0,0.8859
2011-09-20 18:55:28,108.95645,34.24649,452.0,0.9656
2011-09-20 18:55:38,108.95658,34.24655,447.0,0.5959
2011-09-20 18:55:48,108.95675,34.24683,434.0,2.3397
2011-09-20 18:55:58,108.95688,34.24686,426.0,2.2071
